symbol,month,file_name,download_url,sha256,checksum_passed,file_size_bytes,rows
BTCUSDT,2020-01,BTCUSDT-5m-2020-01.zip,https://data.binance.vision/data/spot/monthly/klines/BTCUSDT/5m/BTCUSDT-5m-2020-01.zip,06d2ae5dc44a5d679ee795107988491265678572cb851bf68aefdd67296d1649,True,469558,8928
BTCUSDT,2020-02,BTCUSDT-5m-2020-02.zip,https://data.binance.vision/data/spot/monthly/klines/BTCUSDT/5m/BTCUSDT-5m-2020-02.zip,5a55ea80e8139c03d5ffd1cf5d442ff2060168e7054889718e5f4b5cf417b2db,True,437971,8270
BTCUSDT,2020-03,BTCUSDT-5m-2020-03.zip,https://data.binance.vision/data/spot/monthly/klines/BTCUSDT/5m/BTCUSDT-5m-2020-03.zip,18e19c32d81eba36afc03029bd124b2468a4ae07d68a780a81fd3453a5784265,True,479177,8903
BTCUSDT,2020-04,BTCUSDT-5m-2020-04.zip,https://data.binance.vision/data/spot/monthly/klines/BTCUSDT/5m/BTCUSDT-5m-2020-04.zip,0284b9c8e7fc2545249637bc76a5f0eecc267f2cb7374f8b0f0648d8feaf7587,True,456571,8610
BTCUSDT,2020-05,BTCUSDT-5m-2020-05.zip,https://data.binance.vision/data/spot/monthly/klines/BTCUSDT/5m/BTCUSDT-5m-2020-05.zip,798617aa2af58b8f350e27807e9816e0c86f9f5f606a4bb945c8a6f9a90cc8e1,True,477076,8928
BTCUSDT,2020-06,BTCUSDT-5m-2020-06.zip,https://data.binance.vision/data/spot/monthly/klines/BTCUSDT/5m/BTCUSDT-5m-2020-06.zip,854b542e3c20cf4c106bbcb9fe761e35de756f1d061f0ef887c9f84a7a37f930,True,450231,8598
BTCUSDT,2020-07,BTCUSDT-5m-2020-07.zip,https://data.binance.vision/data/spot/monthly/klines/BTCUSDT/5m/BTCUSDT-5m-2020-07.zip,99f3c881214d0b940f562d4b4a8660a5bfee17b34a114a0aa01d3f1b064ea4eb,True,465604,8928
BTCUSDT,2020-08,BTCUSDT-5m-2020-08.zip,https://data.binance.vision/data/spot/monthly/klines/BTCUSDT/5m/BTCUSDT-5m-2020-08.zip,21435bfdff6477504a5611c4749d3c6dd35a4ba52db6ecc5adf05ce25b2faebf,True,474677,8928
BTCUSDT,2020-09,BTCUSDT-5m-2020-09.zip,https://data.binance.vision/data/spot/monthly/klines/BTCUSDT/5m/BTCUSDT-5m-2020-09.zip,7d74fdf334c4a334857dede2224d214bb9c40c07d5fc20eeeb57f5022b4a2616,True,458044,8640
BTCUSDT,2020-10,BTCUSDT-5m-2020-10.zip,https://data.binance.vision/data/spot/monthly/klines/BTCUSDT/5m/BTCUSDT-5m-2020-10.zip,c7a6731dfa5f936f626c28090a4e76cd952a0998958d4f717ee76cea1b8d2135,True,469954,8928
BTCUSDT,2020-11,BTCUSDT-5m-2020-11.zip,https://data.binance.vision/data/spot/monthly/klines/BTCUSDT/5m/BTCUSDT-5m-2020-11.zip,b6eaa1dc16993083d794cf2445c5596dbc298df5b8ab4d891a45435564d1bb92,True,468732,8628
BTCUSDT,2020-12,BTCUSDT-5m-2020-12.zip,https://data.binance.vision/data/spot/monthly/klines/BTCUSDT/5m/BTCUSDT-5m-2020-12.zip,c169b2a72cc188c8089abc9f3c6f9699e4759a5e7d0d7a7c69d9117b0da68049,True,484075,8870
BTCUSDT,2021-01,BTCUSDT-5m-2021-01.zip,https://data.binance.vision/data/spot/monthly/klines/BTCUSDT/5m/BTCUSDT-5m-2021-01.zip,5eda1c9f22259d37f6602ca3ee8072a670131939c7a4bc7e048a2a0077e03d6f,True,502729,8928
BTCUSDT,2021-02,BTCUSDT-5m-2021-02.zip,https://data.binance.vision/data/spot/monthly/klines/BTCUSDT/5m/BTCUSDT-5m-2021-02.zip,64cacfee55b7e73d6728a6e7cf32b03be2f205c06ad27a99889f002d0c853769,True,452415,8049
BTCUSDT,2021-03,BTCUSDT-5m-2021-03.zip,https://data.binance.vision/data/spot/monthly/klines/BTCUSDT/5m/BTCUSDT-5m-2021-03.zip,d67c748616c67d16d92695e42c32084818adf53100931f7d6bb01d1c6a21cf65,True,498443,8910
BTCUSDT,2021-04,BTCUSDT-5m-2021-04.zip,https://data.binance.vision/data/spot/monthly/klines/BTCUSDT/5m/BTCUSDT-5m-2021-04.zip,e365a42f9b3cd6262110977b37d341f90e339ef5b617de2d90c945c53a930854,True,475842,8554
BTCUSDT,2021-05,BTCUSDT-5m-2021-05.zip,https://data.binance.vision/data/spot/monthly/klines/BTCUSDT/5m/BTCUSDT-5m-2021-05.zip,1c6ef655c4cd33fa6777ad02e60a78ffc254a69a217a22a56e57c125faf20b6b,True,504630,8928
BTCUSDT,2021-06,BTCUSDT-5m-2021-06.zip,https://data.binance.vision/data/spot/monthly/klines/BTCUSDT/5m/BTCUSDT-5m-2021-06.zip,de8a478e5e30da06250976df98bf0a8b3aa040c4667334263f7c126097665bdb,True,482776,8640
BTCUSDT,2021-07,BTCUSDT-5m-2021-07.zip,https://data.binance.vision/data/spot/monthly/klines/BTCUSDT/5m/BTCUSDT-5m-2021-07.zip,fbd9221353c0471581c7b7e3bec7538c79e3472da2bf30cfdee4f766dbf28e73,True,488756,8928
BTCUSDT,2021-08,BTCUSDT-5m-2021-08.zip,https://data.binance.vision/data/spot/monthly/klines/BTCUSDT/5m/BTCUSDT-5m-2021-08.zip,ad8168331b2f0c83e7d4dea149b09881d5f4ecb0e6c7049f8637f2ef5a6dbf78,True,485921,8874
BTCUSDT,2021-09,BTCUSDT-5m-2021-09.zip,https://data.binance.vision/data/spot/monthly/klines/BTCUSDT/5m/BTCUSDT-5m-2021-09.zip,73eef8294b704bcde8f35cf26098c79cc50591e49a65a970eff97ac10e78fac1,True,459071,8616
BTCUSDT,2021-10,BTCUSDT-5m-2021-10.zip,https://data.binance.vision/data/spot/monthly/klines/BTCUSDT/5m/BTCUSDT-5m-2021-10.zip,cf28329e5f490ccb0e6759b8f66930a7397e65c2d8f5c4dfd727f44a54bbfae4,True,477592,8928
BTCUSDT,2021-11,BTCUSDT-5m-2021-11.zip,https://data.binance.vision/data/spot/monthly/klines/BTCUSDT/5m/BTCUSDT-5m-2021-11.zip,69725bd82baef5339e32c773937966ec413648dfaf985741f9be730b9cddd915,True,461307,8640
BTCUSDT,2021-12,BTCUSDT-5m-2021-12.zip,https://data.binance.vision/data/spot/monthly/klines/BTCUSDT/5m/BTCUSDT-5m-2021-12.zip,17c2731a870d09d0ea1345b9af40234fae47c947ff373499799169cdfda3b41c,True,473801,8928
BTCUSDT,2022-01,BTCUSDT-5m-2022-01.zip,https://data.binance.vision/data/spot/monthly/klines/BTCUSDT/5m/BTCUSDT-5m-2022-01.zip,be1f2f943b365b9b00c1be4cbcb7c631990318baf36e7a4d8410ea9dc7bc1cda,True,471666,8928
BTCUSDT,2022-02,BTCUSDT-5m-2022-02.zip,https://data.binance.vision/data/spot/monthly/klines/BTCUSDT/5m/BTCUSDT-5m-2022-02.zip,3cdb10f37876bb53487a5f68bdb00f87a2fa0dba0706133264bfcb5170d35cdd,True,426425,8064
BTCUSDT,2022-03,BTCUSDT-5m-2022-03.zip,https://data.binance.vision/data/spot/monthly/klines/BTCUSDT/5m/BTCUSDT-5m-2022-03.zip,e980799352cf0447752d97a20704ffdcce18544525743a4d3ec9dc076cc25765,True,470542,8928
BTCUSDT,2022-04,BTCUSDT-5m-2022-04.zip,https://data.binance.vision/data/spot/monthly/klines/BTCUSDT/5m/BTCUSDT-5m-2022-04.zip,a738199ee22e198fd9e51a7ecbcbd656c11603a530750ba26efa4c13d891ecd6,True,451680,8640
BTCUSDT,2022-05,BTCUSDT-5m-2022-05.zip,https://data.binance.vision/data/spot/monthly/klines/BTCUSDT/5m/BTCUSDT-5m-2022-05.zip,9e342e114551ef3598fb1bf9d385878861878b9c9c42714eca82e867a9feda81,True,472624,8928
BTCUSDT,2022-06,BTCUSDT-5m-2022-06.zip,https://data.binance.vision/data/spot/monthly/klines/BTCUSDT/5m/BTCUSDT-5m-2022-06.zip,5d4ef9d9fd134a239daebe1cd9261da7379991503d3093a0848d85c6172c9ab0,True,458989,8640
BTCUSDT,2022-07,BTCUSDT-5m-2022-07.zip,https://data.binance.vision/data/spot/monthly/klines/BTCUSDT/5m/BTCUSDT-5m-2022-07.zip,f55cca50df856fdf179a2193e1bcf4507bc27a296042486e023814c3b21c62c7,True,484900,8928
BTCUSDT,2022-08,BTCUSDT-5m-2022-08.zip,https://data.binance.vision/data/spot/monthly/klines/BTCUSDT/5m/BTCUSDT-5m-2022-08.zip,d65ea001b11191e31f6637f5893155273fcd02da3b269b9296007fbc1d49513e,True,487491,8928
BTCUSDT,2022-09,BTCUSDT-5m-2022-09.zip,https://data.binance.vision/data/spot/monthly/klines/BTCUSDT/5m/BTCUSDT-5m-2022-09.zip,87208eb2b3b67f105b40ebff1a5eb81ca1d377ddd70936eecf224bafcee4e5b9,True,475148,8640
BTCUSDT,2022-10,BTCUSDT-5m-2022-10.zip,https://data.binance.vision/data/spot/monthly/klines/BTCUSDT/5m/BTCUSDT-5m-2022-10.zip,b94e591ff353f2001d801ffcd2d7e2e2649f9efed49ac636f19a241ead90e19e,True,484426,8928
BTCUSDT,2022-11,BTCUSDT-5m-2022-11.zip,https://data.binance.vision/data/spot/monthly/klines/BTCUSDT/5m/BTCUSDT-5m-2022-11.zip,928433fc8313bc1616a2c5ca79b78525bb09ea2ca84a81c66500cdfb6bcccc40,True,472167,8640
BTCUSDT,2022-12,BTCUSDT-5m-2022-12.zip,https://data.binance.vision/data/spot/monthly/klines/BTCUSDT/5m/BTCUSDT-5m-2022-12.zip,3e1195cefa671991251ab5e1f606b9d7f7b7279dfd7efd033ae1aca2190ff698,True,477480,8928
BTCUSDT,2023-01,BTCUSDT-5m-2023-01.zip,https://data.binance.vision/data/spot/monthly/klines/BTCUSDT/5m/BTCUSDT-5m-2023-01.zip,0b77520b2fc89c896430fd885bda345a808d61a512ef34ce62cf6a150b81e9ff,True,485503,8928
BTCUSDT,2023-02,BTCUSDT-5m-2023-02.zip,https://data.binance.vision/data/spot/monthly/klines/BTCUSDT/5m/BTCUSDT-5m-2023-02.zip,337dd3741251bafe88c6e6faf39bcb89b75b6504f9d5ddc67221ee9371a7e7d4,True,443952,8064
BTCUSDT,2023-03,BTCUSDT-5m-2023-03.zip,https://data.binance.vision/data/spot/monthly/klines/BTCUSDT/5m/BTCUSDT-5m-2023-03.zip,840da3f1dba73d44c483b2c600528ee845366a8f2dec3db1d0be9e128741ec19,True,486093,8912
BTCUSDT,2023-04,BTCUSDT-5m-2023-04.zip,https://data.binance.vision/data/spot/monthly/klines/BTCUSDT/5m/BTCUSDT-5m-2023-04.zip,0ce744f9e9712a818b0090572d5541b83c2acec7d67de808ee5a66ff4299b008,True,446470,8640
BTCUSDT,2023-05,BTCUSDT-5m-2023-05.zip,https://data.binance.vision/data/spot/monthly/klines/BTCUSDT/5m/BTCUSDT-5m-2023-05.zip,d288014d0cde16c31d524dc63a9ed779de6c1a65e08df6b069ced8b688da21e4,True,458040,8928
BTCUSDT,2023-06,BTCUSDT-5m-2023-06.zip,https://data.binance.vision/data/spot/monthly/klines/BTCUSDT/5m/BTCUSDT-5m-2023-06.zip,781415877a1eaf4b376351bb3dc3cc31bc941b009a7b89a6a833cb6fb757279f,True,443755,8640
BTCUSDT,2023-07,BTCUSDT-5m-2023-07.zip,https://data.binance.vision/data/spot/monthly/klines/BTCUSDT/5m/BTCUSDT-5m-2023-07.zip,88859cd91277f3e0c9df85bb66f5c2d91273612a7ccd60e2a4be86ea3cc4b84c,True,446813,8928
BTCUSDT,2023-08,BTCUSDT-5m-2023-08.zip,https://data.binance.vision/data/spot/monthly/klines/BTCUSDT/5m/BTCUSDT-5m-2023-08.zip,a36e0b195d907bf100788f48ebae360ade5a31066bdee8469f610b802ff8e8f0,True,443882,8928
BTCUSDT,2023-09,BTCUSDT-5m-2023-09.zip,https://data.binance.vision/data/spot/monthly/klines/BTCUSDT/5m/BTCUSDT-5m-2023-09.zip,4058d18e256eb96841c67cb6e27375f0dcee6d2d425b4ad5907f055890ca5761,True,431662,8640
BTCUSDT,2023-10,BTCUSDT-5m-2023-10.zip,https://data.binance.vision/data/spot/monthly/klines/BTCUSDT/5m/BTCUSDT-5m-2023-10.zip,6a14d2b75ad5020d56c12cd17e90e6661023f34a12fa4173364fd26a9879ae56,True,455417,8928
BTCUSDT,2023-11,BTCUSDT-5m-2023-11.zip,https://data.binance.vision/data/spot/monthly/klines/BTCUSDT/5m/BTCUSDT-5m-2023-11.zip,dcf1c619885ca4fc351b4c990afe850141563f09e61b386a8d9151ea402575e2,True,444556,8640
BTCUSDT,2023-12,BTCUSDT-5m-2023-12.zip,https://data.binance.vision/data/spot/monthly/klines/BTCUSDT/5m/BTCUSDT-5m-2023-12.zip,8e3b780eddcff7f19f24f25d799b2affe03113b90457b8caa22a454f065fbf56,True,462569,8928
BTCUSDT,2024-01,BTCUSDT-5m-2024-01.zip,https://data.binance.vision/data/spot/monthly/klines/BTCUSDT/5m/BTCUSDT-5m-2024-01.zip,a375f811f672ad70de97af533f6e70181647a9e978838b451ac17d5c17313ad8,True,465498,8928
BTCUSDT,2024-02,BTCUSDT-5m-2024-02.zip,https://data.binance.vision/data/spot/monthly/klines/BTCUSDT/5m/BTCUSDT-5m-2024-02.zip,4bbed105653be96229f6678b3ce3df7366a6ced5aea32285da2bf62ac5f890ed,True,434210,8352
BTCUSDT,2024-03,BTCUSDT-5m-2024-03.zip,https://data.binance.vision/data/spot/monthly/klines/BTCUSDT/5m/BTCUSDT-5m-2024-03.zip,fd3670210b38640ee9562b7761879fae8cfed3beec7d7313b868cf618ca4c72a,True,474003,8928
BTCUSDT,2024-04,BTCUSDT-5m-2024-04.zip,https://data.binance.vision/data/spot/monthly/klines/BTCUSDT/5m/BTCUSDT-5m-2024-04.zip,b41c6d2703ee9e4c8167de082dcd363fac39ed176ebe9eacf7f0109e284a5948,True,454656,8640
BTCUSDT,2024-05,BTCUSDT-5m-2024-05.zip,https://data.binance.vision/data/spot/monthly/klines/BTCUSDT/5m/BTCUSDT-5m-2024-05.zip,3a9c810274f38b18abda912c3446df51cb160c4c0e376655fb7defb1cacf5de2,True,462542,8928
BTCUSDT,2024-06,BTCUSDT-5m-2024-06.zip,https://data.binance.vision/data/spot/monthly/klines/BTCUSDT/5m/BTCUSDT-5m-2024-06.zip,627dd48125d89759e498d2db2e523166787bda4dd9a64ca56abf9fba235ba71e,True,440069,8640
BTCUSDT,2024-07,BTCUSDT-5m-2024-07.zip,https://data.binance.vision/data/spot/monthly/klines/BTCUSDT/5m/BTCUSDT-5m-2024-07.zip,7fcfb7aa22c344f0c6bb0a7d2ae2dbfd1a1e597fc80806daa341068dfdab6586,True,461448,8928
BTCUSDT,2024-08,BTCUSDT-5m-2024-08.zip,https://data.binance.vision/data/spot/monthly/klines/BTCUSDT/5m/BTCUSDT-5m-2024-08.zip,4ead243e5f862df551e12815d8ddc4c67da711fda253325c36f83a1ff3ef36d7,True,464434,8928
BTCUSDT,2024-09,BTCUSDT-5m-2024-09.zip,https://data.binance.vision/data/spot/monthly/klines/BTCUSDT/5m/BTCUSDT-5m-2024-09.zip,a9989fa72ee8eba72cdd79b0e251652fcd456a31548a3014a8660b65405bc67a,True,441999,8640
BTCUSDT,2024-10,BTCUSDT-5m-2024-10.zip,https://data.binance.vision/data/spot/monthly/klines/BTCUSDT/5m/BTCUSDT-5m-2024-10.zip,5cd2d0dcc2dc193fc7b31be69166021fca41b9fce61ab6a0771ce00db864c327,True,458990,8928
BTCUSDT,2024-11,BTCUSDT-5m-2024-11.zip,https://data.binance.vision/data/spot/monthly/klines/BTCUSDT/5m/BTCUSDT-5m-2024-11.zip,72851d323b0d43f7c8cdf177ca85ded66ec511ed3b1a53e63cca0d2501c75bc0,True,458714,8640
BTCUSDT,2024-12,BTCUSDT-5m-2024-12.zip,https://data.binance.vision/data/spot/monthly/klines/BTCUSDT/5m/BTCUSDT-5m-2024-12.zip,0a2f70744f9244a066ab4ced934a725d85b247e917cfe22ada218435c1573301,True,474874,8928
BTCUSDT,2025-01,BTCUSDT-5m-2025-01.zip,https://data.binance.vision/data/spot/monthly/klines/BTCUSDT/5m/BTCUSDT-5m-2025-01.zip,4ed2edba26630a98b6ac6102b41dad00e1542640336f0d571c5a7394b39df983,True,477793,8928
BTCUSDT,2025-02,BTCUSDT-5m-2025-02.zip,https://data.binance.vision/data/spot/monthly/klines/BTCUSDT/5m/BTCUSDT-5m-2025-02.zip,a4859a5b4ad31f41f3ffad1d9a044154ff529c41983b76432ef3f10981b32415,True,428947,8064
BTCUSDT,2025-03,BTCUSDT-5m-2025-03.zip,https://data.binance.vision/data/spot/monthly/klines/BTCUSDT/5m/BTCUSDT-5m-2025-03.zip,1eb1fb0c76a0e8302abdec42d54b844bd3c3d6d7e6e69ae434aaa1dea445d54d,True,475553,8928
BTCUSDT,2025-04,BTCUSDT-5m-2025-04.zip,https://data.binance.vision/data/spot/monthly/klines/BTCUSDT/5m/BTCUSDT-5m-2025-04.zip,3ba9f1fd519bad5f190dfe0acda0dd57f904ad5eb848378be329b43cf69b5041,True,456750,8640
BTCUSDT,2025-05,BTCUSDT-5m-2025-05.zip,https://data.binance.vision/data/spot/monthly/klines/BTCUSDT/5m/BTCUSDT-5m-2025-05.zip,a1f4381240c422cda18464a054b34f75bb32bc5bb9137306e6c9d412e1b160aa,True,473236,8928
BTCUSDT,2025-06,BTCUSDT-5m-2025-06.zip,https://data.binance.vision/data/spot/monthly/klines/BTCUSDT/5m/BTCUSDT-5m-2025-06.zip,7c005bb32458cc9c797244c49d2be734f626561fb40031fba4b86831e95f06d9,True,452618,8640
BTCUSDT,2025-07,BTCUSDT-5m-2025-07.zip,https://data.binance.vision/data/spot/monthly/klines/BTCUSDT/5m/BTCUSDT-5m-2025-07.zip,8e4890be772dee102d3f5051fc9da5786f1f5203fd5bf251f47d5d8abcf79209,True,466153,8928
BTCUSDT,2025-08,BTCUSDT-5m-2025-08.zip,https://data.binance.vision/data/spot/monthly/klines/BTCUSDT/5m/BTCUSDT-5m-2025-08.zip,532cd96e6dad9950b359f43bd308dc7e72b36c236875002b594d1eb5dc4d7639,True,467590,8928
BTCUSDT,2025-09,BTCUSDT-5m-2025-09.zip,https://data.binance.vision/data/spot/monthly/klines/BTCUSDT/5m/BTCUSDT-5m-2025-09.zip,5ff19de79c102825f41d85810660c2ea339c6c6ef407bae5991870741b975fd8,True,448044,8640
BTCUSDT,2025-10,BTCUSDT-5m-2025-10.zip,https://data.binance.vision/data/spot/monthly/klines/BTCUSDT/5m/BTCUSDT-5m-2025-10.zip,079e33529c01dfd219ce79428d3c5ff5ef9814005be6ccd091ffe73580607fd2,True,479009,8928
BTCUSDT,2025-11,BTCUSDT-5m-2025-11.zip,https://data.binance.vision/data/spot/monthly/klines/BTCUSDT/5m/BTCUSDT-5m-2025-11.zip,470e5eecf5c2fb18390f5234897f71d9cec61e2bf31d0152948ce985e0ae583d,True,463951,8640
BTCUSDT,2025-12,BTCUSDT-5m-2025-12.zip,https://data.binance.vision/data/spot/monthly/klines/BTCUSDT/5m/BTCUSDT-5m-2025-12.zip,5f1f3ad19c8f79fe1f5f8e009bf55fcef306c60990a18d0a75d3b568628c2083,True,467107,8928
ETHUSDT,2020-01,ETHUSDT-5m-2020-01.zip,https://data.binance.vision/data/spot/monthly/klines/ETHUSDT/5m/ETHUSDT-5m-2020-01.zip,51a6f3d3952017cb13b6f4bb316c75efd842355ac0afd5ea24f71530a816d934,True,421272,8928
ETHUSDT,2020-02,ETHUSDT-5m-2020-02.zip,https://data.binance.vision/data/spot/monthly/klines/ETHUSDT/5m/ETHUSDT-5m-2020-02.zip,dbed86b38b896d8ce5571cd6f9ca4b243709afa6e63cd93613c971e72eead5a1,True,404898,8270
ETHUSDT,2020-03,ETHUSDT-5m-2020-03.zip,https://data.binance.vision/data/spot/monthly/klines/ETHUSDT/5m/ETHUSDT-5m-2020-03.zip,b6c61ecdb1e30b57ff0ad5d54ad7ceca26c4e786789a6811a95afcfdd9ae2e46,True,437231,8903
ETHUSDT,2020-04,ETHUSDT-5m-2020-04.zip,https://data.binance.vision/data/spot/monthly/klines/ETHUSDT/5m/ETHUSDT-5m-2020-04.zip,d137a9365561b90af8a5d18ccc0e16e74d163950e4f304b5a096ef1814340c74,True,418057,8610
ETHUSDT,2020-05,ETHUSDT-5m-2020-05.zip,https://data.binance.vision/data/spot/monthly/klines/ETHUSDT/5m/ETHUSDT-5m-2020-05.zip,65b0bdad583b2c1c252c2e086dfaaeca5cd4367791a8b7bda49cf40689d7b946,True,432146,8928
ETHUSDT,2020-06,ETHUSDT-5m-2020-06.zip,https://data.binance.vision/data/spot/monthly/klines/ETHUSDT/5m/ETHUSDT-5m-2020-06.zip,0e2829a74fa6a86d960bfadb0cfc4614194680f0ba0ebf0add52481a8edcdb88,True,411123,8598
ETHUSDT,2020-07,ETHUSDT-5m-2020-07.zip,https://data.binance.vision/data/spot/monthly/klines/ETHUSDT/5m/ETHUSDT-5m-2020-07.zip,f0f51d17eb524c2332f6aa4190bdfd58b8a83a878e30ed5274ddc449f2c3c94b,True,429698,8928
ETHUSDT,2020-08,ETHUSDT-5m-2020-08.zip,https://data.binance.vision/data/spot/monthly/klines/ETHUSDT/5m/ETHUSDT-5m-2020-08.zip,3a858a527aea394a79af04eddc42e82c4a2420a8304b8c26df687201f2ab1e26,True,444434,8928
ETHUSDT,2020-09,ETHUSDT-5m-2020-09.zip,https://data.binance.vision/data/spot/monthly/klines/ETHUSDT/5m/ETHUSDT-5m-2020-09.zip,1487127dde3409176206218993fd1abad309fdea75d8c2d6b887a215218bea8b,True,431559,8640
ETHUSDT,2020-10,ETHUSDT-5m-2020-10.zip,https://data.binance.vision/data/spot/monthly/klines/ETHUSDT/5m/ETHUSDT-5m-2020-10.zip,c41bc44926334bddab99bfdd546457fdbc7d22790ac7faaaeb66f2602cd9ac07,True,435489,8928
ETHUSDT,2020-11,ETHUSDT-5m-2020-11.zip,https://data.binance.vision/data/spot/monthly/klines/ETHUSDT/5m/ETHUSDT-5m-2020-11.zip,4a75afc2b9c878b7d46d5b624e627b3f9a0670f053095888afccb88d70ba7e6c,True,434843,8628
ETHUSDT,2020-12,ETHUSDT-5m-2020-12.zip,https://data.binance.vision/data/spot/monthly/klines/ETHUSDT/5m/ETHUSDT-5m-2020-12.zip,c927008a5339f14ba2e20e63d2335512b731a152f2eb0d5b38aad8520abce05c,True,448479,8870
ETHUSDT,2021-01,ETHUSDT-5m-2021-01.zip,https://data.binance.vision/data/spot/monthly/klines/ETHUSDT/5m/ETHUSDT-5m-2021-01.zip,db96dc51d4a85d6d3c125592ade0af58b6379f14b87daa04ffc4e70e93f7193a,True,474504,8928
ETHUSDT,2021-02,ETHUSDT-5m-2021-02.zip,https://data.binance.vision/data/spot/monthly/klines/ETHUSDT/5m/ETHUSDT-5m-2021-02.zip,fa4d766b72174fc35d443700f5101d8b48c17f1665187947066bd7d426f05da3,True,424982,8049
ETHUSDT,2021-03,ETHUSDT-5m-2021-03.zip,https://data.binance.vision/data/spot/monthly/klines/ETHUSDT/5m/ETHUSDT-5m-2021-03.zip,b8c191e1f3980583518f3340e181f4f3b125d313ed329d64e7b6e772b1a5b0e8,True,464239,8910
ETHUSDT,2021-04,ETHUSDT-5m-2021-04.zip,https://data.binance.vision/data/spot/monthly/klines/ETHUSDT/5m/ETHUSDT-5m-2021-04.zip,463e140802908fdea8cfda06baa26096c4f66f25add9bfaeca849fbd342cb194,True,451797,8554
ETHUSDT,2021-05,ETHUSDT-5m-2021-05.zip,https://data.binance.vision/data/spot/monthly/klines/ETHUSDT/5m/ETHUSDT-5m-2021-05.zip,49a3717b41ccc98fa82e3dbc0c6ec98e707db1f6779a90839a4d02de4ae5741f,True,484805,8928
ETHUSDT,2021-06,ETHUSDT-5m-2021-06.zip,https://data.binance.vision/data/spot/monthly/klines/ETHUSDT/5m/ETHUSDT-5m-2021-06.zip,178eed2c979e8dc81c7e3b6eb53ba875f944d79fefee83260039612a333436bf,True,457813,8640
ETHUSDT,2021-07,ETHUSDT-5m-2021-07.zip,https://data.binance.vision/data/spot/monthly/klines/ETHUSDT/5m/ETHUSDT-5m-2021-07.zip,30ffa7ac32984df30f49f6852cf24ecf964fcd815f593dbce9992e18827deb03,True,466191,8928
ETHUSDT,2021-08,ETHUSDT-5m-2021-08.zip,https://data.binance.vision/data/spot/monthly/klines/ETHUSDT/5m/ETHUSDT-5m-2021-08.zip,1f30d155249567e4e9b491ec12ad5daffff7539786ec02df69531efdec594614,True,464441,8874
ETHUSDT,2021-09,ETHUSDT-5m-2021-09.zip,https://data.binance.vision/data/spot/monthly/klines/ETHUSDT/5m/ETHUSDT-5m-2021-09.zip,9adfc48da0974f4e407eb2e02cc88c3c65937e2e3fc4aef56e15fcfa9ce8c34c,True,439285,8616
ETHUSDT,2021-10,ETHUSDT-5m-2021-10.zip,https://data.binance.vision/data/spot/monthly/klines/ETHUSDT/5m/ETHUSDT-5m-2021-10.zip,fe980c4e21efe5194dc832467e8c4f4da917a10592505408ff102d694d58b8d5,True,453039,8928
ETHUSDT,2021-11,ETHUSDT-5m-2021-11.zip,https://data.binance.vision/data/spot/monthly/klines/ETHUSDT/5m/ETHUSDT-5m-2021-11.zip,c52f4ab9882607ee8c89366dd189b410eb38df3b02a444031668f4763d0045e0,True,439010,8640
ETHUSDT,2021-12,ETHUSDT-5m-2021-12.zip,https://data.binance.vision/data/spot/monthly/klines/ETHUSDT/5m/ETHUSDT-5m-2021-12.zip,db0dd70c525f0eb5a2d644ae82a06a106fee0d917e29465c79138ef6488fda00,True,451930,8928
ETHUSDT,2022-01,ETHUSDT-5m-2022-01.zip,https://data.binance.vision/data/spot/monthly/klines/ETHUSDT/5m/ETHUSDT-5m-2022-01.zip,f13baa436610014997db575fd3ae55a37020befd3b5e53ca8dac90f4981ee475,True,449065,8928
ETHUSDT,2022-02,ETHUSDT-5m-2022-02.zip,https://data.binance.vision/data/spot/monthly/klines/ETHUSDT/5m/ETHUSDT-5m-2022-02.zip,f1371857dfb25448ad06ba35b4223a6344d56fde3036961fd497e215bed74294,True,406820,8064
ETHUSDT,2022-03,ETHUSDT-5m-2022-03.zip,https://data.binance.vision/data/spot/monthly/klines/ETHUSDT/5m/ETHUSDT-5m-2022-03.zip,d9ce96e52990ca65357b56577ab044ff9b3667ec8880e21a18ae4cb0452ec394,True,446509,8928
ETHUSDT,2022-04,ETHUSDT-5m-2022-04.zip,https://data.binance.vision/data/spot/monthly/klines/ETHUSDT/5m/ETHUSDT-5m-2022-04.zip,89bef0dddc196eed5daf8fa10f76911a73c3b193cc34be50e69dcf00dd2a0164,True,430857,8640
ETHUSDT,2022-05,ETHUSDT-5m-2022-05.zip,https://data.binance.vision/data/spot/monthly/klines/ETHUSDT/5m/ETHUSDT-5m-2022-05.zip,631ca856c4b909bc9c45a033a3f6eba7231fcad80239af8c184503484e1e6f10,True,449668,8928
ETHUSDT,2022-06,ETHUSDT-5m-2022-06.zip,https://data.binance.vision/data/spot/monthly/klines/ETHUSDT/5m/ETHUSDT-5m-2022-06.zip,b4a00669269b1b9d7dae3f0290c9520969878e59c81d11e45e6290dd22a228a5,True,437468,8640
ETHUSDT,2022-07,ETHUSDT-5m-2022-07.zip,https://data.binance.vision/data/spot/monthly/klines/ETHUSDT/5m/ETHUSDT-5m-2022-07.zip,fb26b59b4e170622098e74e5978251798cb53b34478221a1df97e078a15b284f,True,451056,8928
ETHUSDT,2022-08,ETHUSDT-5m-2022-08.zip,https://data.binance.vision/data/spot/monthly/klines/ETHUSDT/5m/ETHUSDT-5m-2022-08.zip,f46bbed97b65e2336f58d54459fbfddfcff4711991186f3b0f9de3aea33b1e8e,True,448509,8928
ETHUSDT,2022-09,ETHUSDT-5m-2022-09.zip,https://data.binance.vision/data/spot/monthly/klines/ETHUSDT/5m/ETHUSDT-5m-2022-09.zip,ee4b7d51b8452853f43bb744519d4450e9067684752b94d09742db2017c5342e,True,431038,8640
ETHUSDT,2022-10,ETHUSDT-5m-2022-10.zip,https://data.binance.vision/data/spot/monthly/klines/ETHUSDT/5m/ETHUSDT-5m-2022-10.zip,d28bfb55b8f995bdd04818c57c5b2160a3a8f3cffd0b942271cb54c7ac37697a,True,435326,8928
ETHUSDT,2022-11,ETHUSDT-5m-2022-11.zip,https://data.binance.vision/data/spot/monthly/klines/ETHUSDT/5m/ETHUSDT-5m-2022-11.zip,cf149e49a8b0152c9a13635cef7b61bfafa9180a38e47911f6c73e46e096d19d,True,427103,8640
ETHUSDT,2022-12,ETHUSDT-5m-2022-12.zip,https://data.binance.vision/data/spot/monthly/klines/ETHUSDT/5m/ETHUSDT-5m-2022-12.zip,5c914207ec0652c4338a9da34d260de93613ec0d290743415015ac0d8eb8fc65,True,425413,8928
ETHUSDT,2023-01,ETHUSDT-5m-2023-01.zip,https://data.binance.vision/data/spot/monthly/klines/ETHUSDT/5m/ETHUSDT-5m-2023-01.zip,128846e4dedbedf4692637e9460cd143afe0dc9184cabea74d193373243caa6f,True,431208,8928
ETHUSDT,2023-02,ETHUSDT-5m-2023-02.zip,https://data.binance.vision/data/spot/monthly/klines/ETHUSDT/5m/ETHUSDT-5m-2023-02.zip,17d0ce47f0bc993d8183547fec8e8a08408700da265296b86f44bfa8c574ce79,True,394110,8064
ETHUSDT,2023-03,ETHUSDT-5m-2023-03.zip,https://data.binance.vision/data/spot/monthly/klines/ETHUSDT/5m/ETHUSDT-5m-2023-03.zip,048244294ce3d656c9d29a376cfd244df6f6c604bfe0d070888fa87a528ff0d4,True,440135,8912
ETHUSDT,2023-04,ETHUSDT-5m-2023-04.zip,https://data.binance.vision/data/spot/monthly/klines/ETHUSDT/5m/ETHUSDT-5m-2023-04.zip,a7d6f75934374f8b2e60724a84c9818e0ce05cc21aef4369bf8b1e54539a42f1,True,423079,8640
ETHUSDT,2023-05,ETHUSDT-5m-2023-05.zip,https://data.binance.vision/data/spot/monthly/klines/ETHUSDT/5m/ETHUSDT-5m-2023-05.zip,63f53de454616bd678b7df3a7e66b5172bec0f197d039c3b782fa17df42cd56b,True,430862,8928
ETHUSDT,2023-06,ETHUSDT-5m-2023-06.zip,https://data.binance.vision/data/spot/monthly/klines/ETHUSDT/5m/ETHUSDT-5m-2023-06.zip,72ac52281cf604c6b0da9fe5dfe15e47ee2d6f6216c5e9bc9ba1ca6963d58607,True,416279,8640
ETHUSDT,2023-07,ETHUSDT-5m-2023-07.zip,https://data.binance.vision/data/spot/monthly/klines/ETHUSDT/5m/ETHUSDT-5m-2023-07.zip,d37fcd84ce94b5bcef25c467cc83caa17187a955333fdd8e2698c06553893cf4,True,422069,8928
ETHUSDT,2023-08,ETHUSDT-5m-2023-08.zip,https://data.binance.vision/data/spot/monthly/klines/ETHUSDT/5m/ETHUSDT-5m-2023-08.zip,6b57b67b546d7565361f613985f2006fb6bb2a20b9898932f1a7ed7bd7889da1,True,416023,8928
ETHUSDT,2023-09,ETHUSDT-5m-2023-09.zip,https://data.binance.vision/data/spot/monthly/klines/ETHUSDT/5m/ETHUSDT-5m-2023-09.zip,cfa30fa2cfb5b52414e92fd4ec43d15b45ccad829a72bd0ec59dc91b626f8a96,True,404792,8640
ETHUSDT,2023-10,ETHUSDT-5m-2023-10.zip,https://data.binance.vision/data/spot/monthly/klines/ETHUSDT/5m/ETHUSDT-5m-2023-10.zip,cb38c060ae4611abc6c0310a5b54ce43c04a1dee0f29cff796ca3d6f3c7a1ced,True,426528,8928
ETHUSDT,2023-11,ETHUSDT-5m-2023-11.zip,https://data.binance.vision/data/spot/monthly/klines/ETHUSDT/5m/ETHUSDT-5m-2023-11.zip,3e228a58bd4eae3e3f8dcca5c3abb05d96bf4b0353593748e5c28ba725f1ea50,True,422610,8640
ETHUSDT,2023-12,ETHUSDT-5m-2023-12.zip,https://data.binance.vision/data/spot/monthly/klines/ETHUSDT/5m/ETHUSDT-5m-2023-12.zip,79f3877894684fc7677abe104a75e1d9517b11a0d03a5fc6a6a7062d18a98dfb,True,439583,8928
ETHUSDT,2024-01,ETHUSDT-5m-2024-01.zip,https://data.binance.vision/data/spot/monthly/klines/ETHUSDT/5m/ETHUSDT-5m-2024-01.zip,4d7c7993753a610111eaf642595593bc494018c1a6d9c56fd2e4637947b0c706,True,441190,8928
ETHUSDT,2024-02,ETHUSDT-5m-2024-02.zip,https://data.binance.vision/data/spot/monthly/klines/ETHUSDT/5m/ETHUSDT-5m-2024-02.zip,1d8853dad965a879dfbe1337a34b8dd0f5720ea63d08c111baa6fd80b6d8e3e0,True,413852,8352
ETHUSDT,2024-03,ETHUSDT-5m-2024-03.zip,https://data.binance.vision/data/spot/monthly/klines/ETHUSDT/5m/ETHUSDT-5m-2024-03.zip,60effd672bfd20e90a660e669ab910a73e1efe15e8da3f03025f886c1311a397,True,451368,8928
ETHUSDT,2024-04,ETHUSDT-5m-2024-04.zip,https://data.binance.vision/data/spot/monthly/klines/ETHUSDT/5m/ETHUSDT-5m-2024-04.zip,3a1dbd4846d83c1d2c41ad79959aaba7f3ff2eb955d554ec0160b427ba7c29f0,True,431744,8640
ETHUSDT,2024-05,ETHUSDT-5m-2024-05.zip,https://data.binance.vision/data/spot/monthly/klines/ETHUSDT/5m/ETHUSDT-5m-2024-05.zip,96c249da6af9da772b8f46126ee15fa2335e7f8b384b6f0b92ee5e9eaa4fb187,True,441438,8928
ETHUSDT,2024-06,ETHUSDT-5m-2024-06.zip,https://data.binance.vision/data/spot/monthly/klines/ETHUSDT/5m/ETHUSDT-5m-2024-06.zip,15bfae49e9b625e93e3ca8279990b0328e813ddf2fe2d1bc0fb5b052a9c3e547,True,420787,8640
ETHUSDT,2024-07,ETHUSDT-5m-2024-07.zip,https://data.binance.vision/data/spot/monthly/klines/ETHUSDT/5m/ETHUSDT-5m-2024-07.zip,d53523ecc2c405137b0f4f5b1ee38d88b27f340d8a47ff3eb55e331aecefea96,True,441363,8928
ETHUSDT,2024-08,ETHUSDT-5m-2024-08.zip,https://data.binance.vision/data/spot/monthly/klines/ETHUSDT/5m/ETHUSDT-5m-2024-08.zip,8a95cb8a0ed49c9ad09c07d51512edd8449473ef04af6018cf389ee085679ba4,True,442533,8928
ETHUSDT,2024-09,ETHUSDT-5m-2024-09.zip,https://data.binance.vision/data/spot/monthly/klines/ETHUSDT/5m/ETHUSDT-5m-2024-09.zip,4a6895e3f5a34f41998487460a6d2aa7aace8985bff0e7acd1cc541d92da9a35,True,423376,8640
ETHUSDT,2024-10,ETHUSDT-5m-2024-10.zip,https://data.binance.vision/data/spot/monthly/klines/ETHUSDT/5m/ETHUSDT-5m-2024-10.zip,fdc52e4f80900ae74a000d36ea13cb4b43e30851d33a24de8a261c2ed7eae036,True,438566,8928
ETHUSDT,2024-11,ETHUSDT-5m-2024-11.zip,https://data.binance.vision/data/spot/monthly/klines/ETHUSDT/5m/ETHUSDT-5m-2024-11.zip,f8108737e97a93373c9bf0a4e159222ebf7ba6b6f2d6e04c562563d61a3dcb41,True,439369,8640
ETHUSDT,2024-12,ETHUSDT-5m-2024-12.zip,https://data.binance.vision/data/spot/monthly/klines/ETHUSDT/5m/ETHUSDT-5m-2024-12.zip,f02545d5f40476d577c86560ef93d69aa0ac75c03c92eacec3950abb3d4b5c0d,True,452350,8928
ETHUSDT,2025-01,ETHUSDT-5m-2025-01.zip,https://data.binance.vision/data/spot/monthly/klines/ETHUSDT/5m/ETHUSDT-5m-2025-01.zip,356e860d31d3bf5cc7e26c1601716052acaee1352bf7cf01492d4da7b2bdaeb6,True,452756,8928
ETHUSDT,2025-02,ETHUSDT-5m-2025-02.zip,https://data.binance.vision/data/spot/monthly/klines/ETHUSDT/5m/ETHUSDT-5m-2025-02.zip,c68b0d0e7c09715d072e4bb2fa0645db45fbe7fb864c4f5931856be1a9902e18,True,411687,8064
ETHUSDT,2025-03,ETHUSDT-5m-2025-03.zip,https://data.binance.vision/data/spot/monthly/klines/ETHUSDT/5m/ETHUSDT-5m-2025-03.zip,21d758ceba0dbb473adfa418dbd5e02b4b9a4acce9979e8b1d210a3d79866989,True,448490,8928
ETHUSDT,2025-04,ETHUSDT-5m-2025-04.zip,https://data.binance.vision/data/spot/monthly/klines/ETHUSDT/5m/ETHUSDT-5m-2025-04.zip,ed08375d54de44373626013aaaaab1de6bdb808591eef827ec82cd7b27dd6f73,True,433610,8640
ETHUSDT,2025-05,ETHUSDT-5m-2025-05.zip,https://data.binance.vision/data/spot/monthly/klines/ETHUSDT/5m/ETHUSDT-5m-2025-05.zip,dbc0115192fb99b2fe79c143e05caecbbb7cadaed071e582c7b80b32b7fdf234,True,453371,8928
ETHUSDT,2025-06,ETHUSDT-5m-2025-06.zip,https://data.binance.vision/data/spot/monthly/klines/ETHUSDT/5m/ETHUSDT-5m-2025-06.zip,596ef9b08a4f93bf0f4ac4a209227f3b4244d224003be0a78a75ce688d33360c,True,435853,8640
ETHUSDT,2025-07,ETHUSDT-5m-2025-07.zip,https://data.binance.vision/data/spot/monthly/klines/ETHUSDT/5m/ETHUSDT-5m-2025-07.zip,29fab801a925af6890bdc00d9d8d487c98b52b5efc37fab1d5b4edb8186e6fcc,True,455096,8928
ETHUSDT,2025-08,ETHUSDT-5m-2025-08.zip,https://data.binance.vision/data/spot/monthly/klines/ETHUSDT/5m/ETHUSDT-5m-2025-08.zip,24a7799001d2f962c45bdfbc20384253ab4ed638d1a603400f1705c97df004af,True,460805,8928
ETHUSDT,2025-09,ETHUSDT-5m-2025-09.zip,https://data.binance.vision/data/spot/monthly/klines/ETHUSDT/5m/ETHUSDT-5m-2025-09.zip,520cc380795d5488a3c4075e2eb5eda2150f36be1fba75ec849a81c41e3af706,True,437002,8640
ETHUSDT,2025-10,ETHUSDT-5m-2025-10.zip,https://data.binance.vision/data/spot/monthly/klines/ETHUSDT/5m/ETHUSDT-5m-2025-10.zip,0b2985915871b2917ba3049b336949dc64f585f0eb85cab388aba8125187f739,True,458449,8928
ETHUSDT,2025-11,ETHUSDT-5m-2025-11.zip,https://data.binance.vision/data/spot/monthly/klines/ETHUSDT/5m/ETHUSDT-5m-2025-11.zip,4cb8b830731e3baff6d671e328953af4143ae91ea0cc9a6e79592fe101d3c897,True,442119,8640
ETHUSDT,2025-12,ETHUSDT-5m-2025-12.zip,https://data.binance.vision/data/spot/monthly/klines/ETHUSDT/5m/ETHUSDT-5m-2025-12.zip,fc28fa37b6e1be77e0a71e6a5759843a9023b9e4c54f0cce89c3bf491451db91,True,447215,8928
